produto,quantidade,preço,valor_total,
Creme de Leite 200g,383,39.12,8996.74,
Sardinha em Lata 125g,435,192.47,83724.45,
Banana Prata kg,228,4.33,987.24,
Pipoca de Micro-ondas,353,52.17,18416.01,
Farinha de Trigo 1kg,180,137.18,24692.4,
Detergente Neutro 500ml,13,80.74,,
Sardinha em Lata 125g,22,182.22,4008.84,
Alface Crespa un*,179,137.19,24557.01,
Sabonete em Barra 90g,25,,4670.5,
,272,138.58,37693.76,
Cereal Matinal 300g,,64.61,21062.86,
Suco de Laranja 1L,97,75.23,7297.31,
Creme de Leite 200g,480,161.7,,
Milho Verde em Lata,497,124.1,61677.7,
Cerveja Pilsen 350ml,26,99.99,2599.74,
,116,,,
Cereal Matinal 300g,223,206.7,46094.1,
Batata Inglesa kg,491,102.4,50278.4,
,475,188.34,89461.5,
Queijo Mussarela kg,429,,76833.9,
Gelatina em Pó 25g,485,148.53,72037.05,
Papel Toalha 2un,32,,3346.88,
Manteiga com Sal 200g,,247.93,82808.62,
Extrato de Tomate 340g,183,144.34,26414.22,
Amaciante de Roupas 2L,88,151.2,13305.6,
Adoçante Dietético 100ml,242,64.45,15596.9,
Esponja de Aco,75,208.02,15601.5,
Manteiga com Sal 200g,23,237.21,5455.83,
Macarrão Espaguete 500g,N/A,104.21,,
Tomate kg,283,24.63,6970.29,
Fósforo Caixa,196,116.48,22830.08,
Desodorante Aerosol,312,121.82,38007.84,
Açúcar Refinado 1kg,47,74.62,3507.14,
Cerveja Pilsen 350ml,337,22.57,7606.09,
Bolacha Recheada 140g,359,216.72,77802.48,
Manteiga com Sal 200g,55,192.59,,
Cenoura kg,181,233.9,42335.9,
Suco de Laranja 1L,253,241.26  ,86091.64,
Esponja de Aço,57,143.82,8197.74,
Feijão Carioca 1kg,188,51.37,9657.56,
Tomate kg,435,17.24,7499.4,
Ervilha em Lata,203,242.28,49182.84,
Suco em Pó 25g,500,232.38,116190.0,
Linguiça Toscana kg,,121,76.49,9255.29
Feijão Carioca 1kg,496,24.68,12241.28,
Leite Integral 1L,311,159.29,49539.19,
Vela de Cera 4un,426,226.18,96352.68,
,412,116.56,48022.72,
Cenoura kg,94,,8807.8,
Vela de Cera 4un,305,134.71,41086.55,
,471,85.95,40482.45,
Alface Crespa un,157,,28872.3,
Bolacha Recheada 140g,343,176.15,70718.31,
Ração para Gatos 3kg,382,217.79,83195.78,
Sabonete em Barra 90g,398,,64404.36,
,488,,120467.68,
Salgadinho de Milho 150g,102,25.6,2611.2,
,451,138.35,62395.85,
Papel Toalha 2un,467,206.26,96323.42,
Farinha de Trigo 1kg,460,90.42,41593.2,
Creme Dental 90g,77,3.08,237.16,
Filtro de Papel para Café,382,184.06,70310.92,
Linguiça Toscana kg,192,71.15,13660.8,
  Margarina 500g,374,R$201.78,75465.72,
Sal Refinado 1kg,449,117.08,52568.92,
Feijão Carioca 1kg,83,124.86,10363.38,
Pipoca de Micro-ondas,12,46.07,552.84,
Chocolate ao Leite 90g,66,149.37,9858.42,
Batata Inglesa kg,287,"162,36",46597.32,
Azeite de Oliva Extra Virgem 500ml,298,77.96,23232.08,
Bala de Goma 500g,462,16.07,7424.34,
Barra de Cereal,271,90.32,24476.72,
Suco de Laranja 1L,255,233.26,59481.3,
Fósforo Caixa,390,45.89,17897.1,
Carvão Vegetal 3kg,105,130.16,,
Filtro de Papel para Café,392,32.75,12838.0,
Alface Crespa un,40,138.68,5547.2,
Bolacha Recheada 140g  ,N/A,163.02,85617.04,
Adoçante Dietético 100ml,18, ,3760.2,
Cerveja Pilsen 350ml,410,236.98,97161.8,
Fralda Descartável G,147,31.79,4673.13,
Ervilha em Lata,20,155.42,3108.4,
Ervilha em Lata,20,,4450.4,
Filtro de Papel para Café,378,181.19,68489.82,
Cebola kg ??,39,229.44,8948.16,
Esponja de Aço,,125.44,29980.16,
Pilha Alcalina AA 4un,52,218.37,11355.24,
Ração para Cães 15kg,433,21.1,9136.3,
,170,195.11,33168.7,
Vinagre de Álcool 750ml,305,17.29,5273.45,
Linguiça Toscana kg,297,2.11,626.67,
Queijo Mussarela kg,473,27.75,13125.75,
,405,237.05,96005.25,
Fralda Descartável G,327,82.3,26912.1,
Adoçante Dietético 100ml,80,19.85,1588.0,
Filtro de Papel para Café,250,177.62,44405.0,
Esponja de Aço,185,6.03,1115.55,
Desodorante Aerosol,115,209.51,28144.78,
Batata Inglesa kg,55,169.2,9306.0,
Milho Verde em Lata,219,77.39,16948.41,
Papel Higiênico 4un,154,236.41,36311.95,
Condicionador 350ml,182,138.93,25285.26,
Óleo de Soja 900ml,487,101.99,49669.13,
Presunto Fatiado 200g,40,82.99,3319.6,
Bala de Goma 500g,423,R$107.78,45590.94,
Cebola kg,196,,45115.28,
Feijão  Carioca  1kg,356,86.88,30929.28,
Ervilha em Lata,-26,N/D,5138.12,
Pilha Alcalina AA 4un,62,8.67,537.54,
"Água Mineral 1,5L",374,237.25,88731.5,
Banana Prata kg,62,12.11,750.82,
Esponja De Aço,460,170.31,78342.6,
Alface Crespa un,142,"R$ 188,37",26748.54,
Achocolatado em Pó 400g,313,152.79,57765.76,
Achocolatado em Pó 400g,328,136.51,44775.28,
"Água Mineral 1,5L",386,155.03,59841.58,
Milho Verde em Lata,249,132.44,,
Requeijão Cremoso 200g,57,7.72,440.04,
Papel Toalha 2un,390,63.00  ,24570.0,
Creme de Leite 200g,49,226.0,11074.0,
Carvão Vegetal 3kg,423,176.62,"R$ 74710,26",
Adoçante Dietético 100ml,92,170.91,15723.72,
Bolacha Recheada 140g,499,25.53,12739.47,
Tomate kg,31,100.44,3113.64,
Papel Higiênico 4un,271,245.8,"R$ 66611,80",
"Água Mineral 1,5L",493,78.79,38843.47,
Laranja Pera kg,123,183.64,22587.72,
"Água Mineral 1,5L",27,26.66,719.82,
Leite Integral 1L,N/A,202.29,45717.54,
Ração para Cães 15kg,194,117.36,22767.84,
Maionese 500g,179,112.61,20157.19,
Bala de Goma 500g,495,,93327.3,
Atum em Lata 170g,216,241.14,52086.24,
Açúcar Refinado 1kg,257,203.57,31197.65,
Guardanapo de Papel,127,158.24,20096.48,
Arroz Branco 5kg,,217.54,73093.44,
Refrigerante Cola 2L,-148,11.95,1768.6,
Extrato de Tomate 340g,5,66.5,332.5,
Café Torrado e Moído 500g,-230,66.81,20158.88,
Banana Prata kg,289,244.37,70622.93,
Barra  de  Cereal,N/A,24.17,821.78,
Cenoura kg,398,22.55,8974.9,
Absorvente Higiênico  ,230,63.11,14515.3,
Carne Bovina Moída kg,364,241.81,88018.84,
Pão de Forma 500g,134,194.08,26006.72,
  Milho Verde em Lata  ,267,195.75,52265.25,
Salgadinho de Milho 150g,109,51.71,"R$ 5636,39",
Mostarda 200g,275,121.86,33511.5,
Cereal Matinal 300g,50,201.0,10050.0,
Detergente Neutro 500ml,161,210.73,33927.53,
Sabão em Pó 1kg,357,60.84,21719.88,
Molho de Tomate 340g,361,35.81,12927.41,
Filtro de Papel para Café,194,206.11,39985.34,
Maionese 500g,396,206.72,81861.12,
Azeite de Oliva Extra Virgem 500ml,494,134.58,66482.52,
Papel Higiênico 4un,137,163.42,22388.54,
Requeijão Cremoso 200g,97,155.79,15111.63,
Barra de Cereal,265,115.06,30490.9,
Batata Inglesa kg,64,"R$ 187,82",12020.48,
Vinho Tinto Seco 750ml,375,131.15,49181.25,
Tomate kg,36,100.17,2931.99,
Leite Condensado 395g,-151,R$199.82,30172.82,
Cereal Matinal 300g,352,77.07,27128.64,
Adoçante Dietético 100ml,148,223.0,33004.0,
Banana Prata kg,,38.17,"R$ 15115,32",
Presunto Fatiado 200g,37,"86,44",3198.28,
Açúcar Refinado 1kg,75,147.27,11045.25,
Creme Dental 90g,255,138.33,35274.15,
Filtro de Papel para Café,351,180.28,,
Creme Dental 90g,3,66.31,198.93,
Chocolate ao Leite 90g,N/A,211.67,104776.65,
Vinho Tinto Seco 750ml,478,230.03,109954.34,
Arroz Branco 5kg,388,indisponível,68879.83,
,427,2.36,1007.72,
Bala de Goma 500g,212,182.81,38755.72,
Maionese 500g,408,73.9,30151.2,
Iogurte Natural 170g,150,109.54,16431.0,
Frango Inteiro kg,67,97.63,6541.21,
Sal Refinado 1kg,295,26.79,7903.05,
Alface Crespa un,229,217.6,49830.4,
Guardanapo de Papel,19,165.99,3153.81,
Arroz Branco 5kg,144,181.92,26196.48,
Pilha Alcalina AA 4un,102,31.98,3261.96,
Sabão em Pó 1kg  ,115,249990,28748.85,
Arroz Branco 5kg,24,97.41,2337.84,
Amaciante de Roupas 2L,230,148.66,34191.8,
Milho Verde em Lata,290,16.98,4924.2,
Cenoura kg,173,243.47,42120.31,
Iogurte Natural 170g,11,212.52,2337.72,
Alface Crespa un,411,215.76,88677.36,
biscoito água e sal 200g,399,192.88,76959.12,
Banana Prata kg,139,32.43,4507.77,
Iogurte Natural 170g,157,196.54,30856.78,
Cebola kg,271,126.2,34200.2,
Sal Refinado 1kg,141,193.51,27284.91,
Fósforo Caixa,344,225.63,77616.72,
,155,239.32,55626.02,
Adoçante Dietético 100ml,67,181.25,12143.75,
Leite Integral 1L,275,54.47,14979.25,
Feijão Carioca 1kg,348,180.6,62848.8,
Presunto Fatiado 200g,-124,109.77,13611.48,
Maionese 500g,212,69.38,14708.56,
,153,121.83,18639.99,
Macarrão Espaguete 500g,-344,163.88,56374.72,
Guardanapo de Papel,4,R$167.46,669.84,
Sabão em Pó 1kg,417,96.91,40411.47,
Suco em Pó 25g,369,216.57,79914.33,
Margarina 500g,206,129.63,26703.78,
Detergente Neutro 500ml,425,173.67,,
Barra de Cereal,124,115.01,14261.24,
Leite Integral 1L,229,247.69,56721.01,
Ração para Cães 15kg,51,208.41,10628.91,
Suco em Pó 25g,228,224.46,51176.88,
Suco de Laranja 1L,123,49.2,6051.6,
Feijão Carioca 1kg,486,84.75,41188.5,
Ração para Gatos 3kg,448,10.81,4842.88,
Cebola kg,260,57.22,14877.2,
"Água Mineral 1,5L",201,247.67,49781.67,
Shampoo 350ml,,,9432.12,
Azeite de Oliva Extra Virgem 500ml,247,116.91,28876.77,
Suco em Pó 25g,271,86.92,23555.32,
Pipoca de Micro-ondas,135,,13053.15,
Esponja de Aço,382,130.42,49820.44,
Adoçante Dietético 100ml,169,96.89,20393.62,
Azeite de Oliva Extra Virgem 500ml,278,10.64,2957.92,
Extrato de Tomate 340g,300,237.77,,
Vela de Cera 4un,435,82.27,35787.45,
Barra de Cereal,-28,159.73,4472.44,
Presunto Fatiado 200g,380,138.98,52812.4,
Ervilha em Lata,271,74.78,23400.7,
Leite Condensado 395g,75,31.39,2354.25,
Molho de Tomate 340g,25,146670,2514.75,
Leite Condensado 395g,368,,83039.2,
Milho Verde em Lata,,N/D,44432.11,
Pipoca de Micro-ondas,70,,14760.9,
Ração para Gatos 3kg,119,204.22,24302.18,
Farinha de Trigo 1kg,205,110.58,"R$ 22668,90",
Arroz Branco 5kg,314,89.17,27999.38,
Macarrão Espaguete 500g,497,87.09,43283.73,
,N/A,171.11,78197.27,
Vela de Cera 4un,237,188.98,44788.26,
Molho de Tomate 340g,84,198.47,16671.48,
Macarrão Espaguete 500g,487,88.47,43084.89,
Gelatina em Pó 25g,13,,1986.92,
Cebola kg,346,180.32,62390.72,
Pão de Forma 500g,301,182.91,55055.91,
Salgadinho de Milho 150g,3,235.77,707.31,
Cebola kg,34,238.42,,
Pipoca de Micro-ondas,76,76.02,5777.52,
,405,51.07,20683.35,
Requeijão Cremoso 200g,436,67.1,27019.76,
Amaciante de Roupas 2L,,151.76,62221.6,
Sal Refinado 1kg,463,9.31,4310.53,
Creme Dental 90g,381,141.0,53721.0,
,0,54.54,0.0,
Manteiga com Sal 200g,312,217.9,"R$ 67984,80",
Sardinha em Lata 125g,379,147.33,55838.07,
,-78,15.04,1173.12,
,320, ,35632.0,
Creme de Leite 200g,367,222.03,81485.01,
Esponja de Aço,228,202.46,,
Papel Higiênico 4un,342,179.47,61378.74,
"Água Mineral 1,5L",207,171.99,35601.93,
,-361,107.78,38908.58,
Pilha Alcalina AA 4un,14,98.13,1373.82,
Laranja Pera kg,499,100.58,50189.42,
Esponja de Aço,59,97.22,,
Sardinha em Lata 125g,71,196.54,13954.34,
Sal Refinado 1kg,23,165.82,3813.86,
,N/A,148.24,6522.56,
Feijão Carioca 1kg,282,"102,89",29014.98,
Biscoito Água e Sal 200g,62,N/D,277.14,
Sardinha em Lata 125g,273,24.72,6748.56,
Mostarda 200g,352,149.06,52469.12,
Frango Inteiro kg,85,159.59,13565.15,
Carne Bovina Moída kg,122,15.89  ,1938.58,
Cereal Matinal 300g,358,65.18,23334.44,
Óleo de Soja 900ml,123,94.06,11569.38,
Molho de Tomate 340g,485,197.64,95855.4,
Fermento em Pó 100g,243,68.87,16735.41,
Atum em Lata 170g,305,198.0,60390.0,
Salgadinho de Milho 150g,87,131.77,11463.99,
Batata Inglesa kg,220,37.67,8287.4,
Barra de Cereal,466,34.38,16021.08,
Macarrão Espaguete 500g,129,235.35,34290.14,
Laranja Pera kg,176,42.13,7414.88,
Bala de Goma 500g,347, ,85126.04,
Banana Prata kg,319,79.51,25363.69,
Bolacha Recheada 140g,46,227.54,10466.84,
Chocolate ao Leite 90g,358,208.23,74546.34,
Refrigerante Cola 2L,,,15272.21,
Sabão em Pó 1kg,204,83.07,16946.28,
Esponja de Aço,405,41000,16605.0,
Sal Refinado 1kg,158,,25856.19,
Escova de Dente,233,211.56,49293.48,
,184,27.98,5148.32,
Creme Dental 90g,136,,5584.16,
Sal Refinado 1kg,101,225.77,22802.77,
Batata Inglesa kg,111,indisponível,12396.48,
Tomate kg,,86.97,"R$ 37658,01",
Papel Higiênico 4un,320,53.94,8676.59,
Cereal Matinal 300g,93,14.0,1302.0,
Leite Integral 1L,230,117.26,26969.8,
Feijão Carioca 1kg,369, ,13771.08,
Amaciante de Roupas 2L,387,241.03,100193.67,
Azeitona Verde 200g,296,180.42,53404.32,
Extrato de Tomate 340g,333,48.28,16077.24,
Manteiga com Sal 200g,372,106.99,39800.28,
Barra de Cereal,356,208.03,74058.68,
Pipoca de Micro-ondas,167,101.5,16950.5,
Cenoura kg,-124,64.87,8043.88,
Café Torrado e Moído 500g,412,79.89,32914.68,
Desodorante Aerosol,19,28.44,540.36,
Leite Integral 1L,96,201.46,19340.16,
Iogurte Natural 170g,16,202.66,,
Açúcar Refinado 1kg,,139.15,,
Milho Verde em Lata,58,87.96,5101.68,
Chocolate ao Leite 90g,332,21.46,7124.72,
,188,208.18,39137.84,
Amaciante de Roupas 2L,412,33.93,13979.16,
Laranja Pera kg,179,182.25,"R$ 32622,75",
Sabonete em Barra 90g,344,,27052.16,
Chocolate ao Leite 90g,250,36.83,11920.02,
,187,12.74,2382.38,
Ervilha em Lata,69,76.16,5255.04,
Frango Inteiro kg,108,164.38,17753.04,
Amaciante de Roupas 2L,217,30.02,"R$ 6514,34",
Creme Dental 90g,469,212.31,99573.39,
,228,221.03,50394.84,
Achocolatado em Pó 400g,45,79.66,3584.7,
Palha de Aço - PROMO,247,88.05,21748.35,
Maionese 500g,250,43.06,,
Alface Crespa un,203,235.46,47798.38,
Carne Bovina Moída kg,128,58.79,7525.12,
Adoçante Dietético 100ml,N/A,165.66,22364.1,
Ervilha em Lata,275,43.34,11918.5,
Bala de Goma 500g,42,"160,67",6748.14,
Ervilha em Lata,162,237.58,38487.96,
Leite Integral 1L,191,176.58,33726.78,
Shampoo 350ml,413,108.13,44657.69,
Creme Dental 90g,16,143.78,2300.48,
,34,26.57,,
Desodorante Aerosol,495,164.41,,
Mostarda 200g,-485,indisponível,45434.8,
Pão de Forma 500g,232,93.09,21596.88,
Margarina 500g,28,,1660.68,
Bala de Goma 500g,343,162.99,,
Achocolatado em Pó 400g,146,106.62,15566.52,
Carvão Vegetal 3kg,435,171.54,,
Papel Toalha 2un,,160.41,52614.48,
Adoçante Dietético 100ml,68,163.9,11145.2,
Barra de Cereal,146,134.87,19691.02,
Filtro de Papel para Café,355,229.91,81618.05,
Amaciante de Roupas 2L,418,229.74,96031.32,
Chocolate ao Leite 90g,254,8.83,2242.82,
Bolacha Recheada 140g,276,,,
Maçã Fuji kg,80,93.46,4131.75,
Vela de Cera 4un,71,158.88,11280.48,
Banana Prata kg,210,173.88,36514.8,
Barra de Cereal,361,228.49,82484.89,
Frango Inteiro kg,211,,2713.46,
Refrigerante Cola 2L,261,98.03,25585.83,
Cerveja Pilsen 350ml  ,350,R$96.11,33638.5,
Requeijão Cremoso 200g,352,139.9,49244.8,
Suco em Pó 25g,166,,35585.42,
Esponja de Aço,184,"15,28",2811.52,
Atum em Lata 170g,75,17.82,1336.5,
Alface Crespa un,142,114.17,16212.14,
Creme de Leite 200g,155,199.39  ,30905.45,
Papel Higiênico 4un,498,202.3,100745.4,
Adoçante Dietético 100ml,211,242.72,51213.92,
,306,82.05,25107.3,
Tomate kg,467,148.5,"R$ 69349,50",
Guardanapo de Papel,267,153.04,40861.68,
Suco de Laranja 1L,155,42.42,6575.1,
Carvão Vegetal 3kg,159,71.17,"R$ 11316,03",
Sabão em Pó 1kg,,130.05,9883.8,
Barra de Cereal,22,,3508.12,
Pão de Forma 500g,,214.63,101949.25,
Salgadinho de Milho 150g - PROMO,323,46.8,15116.4,
,370,207.61,,
Presunto Fatiado 200g,398,107.15,,
Tomate kg,245,136.81,33518.45,
Creme Dental 90g,412,202.13,83277.56,
Creme Dental 90g,102,210.05,31018.34,
Cerveja Pilsen 350ml,167,213.84,35711.28,
,219,,36329.91,
Achocolatado em Pó 400g,36,172.32,6203.52,
Fralda Descartável G,4,,568.52,
"Água Mineral 1,5L",487,9.24,"R$ 4499,88",
Gelatina em Pó 25g,101,179.43,18122.43,
Presunto Fatiado 200g,127,49.11,6236.97,
Fralda Descartável G,47,12.41,583.27,
Sabonete em Barra 90g,,81.96,24669.96,
Fralda Descartável G,451,113.52,51197.52,
Pilha Alcalina AA 4un,235,43.31,10177.85,
,444,229.09,102469.93,
Leite Condensado 395g,327,9.03,2952.81,
Batata Inglesa kg,145,40.7,5901.5,
,35,133.33,4666.55,
Sardinha em Lata 125g*,113,160.45,18130.85,
Bala de Goma 500g,322,,15243.48,
Sal Refinado 1kg,243,112.9,27434.7,
Cenoura kg,,192.79,89261.77,
,127,240.19,30504.13,
Requeijão Cremoso 200g,469,235.25,110332.25,
Presunto Fatiado 200g,364,211.7,77058.8,
Refrigerante Cola 2L,427,149.37,67375.95,
Macarrão Espaguete 500g,77,38.58,3756.23,
Requeijão Cremoso 200g,141,191.8,21249.07,
Bolacha Recheada 140g,318,134.23,39637.97,
Achocolatado em Pó 400g,498,187.35,93300.3,
Azeite de Oliva Extra Virgem 500ml,27,100.02,,
Biscoito Água e Sal 200g,198,114.23,22617.54,
Frango Inteiro kg,489,44.54,21780.06,
Maçã Fuji kg,,22.46,8197.9,
Absorvente Higiênico,,204.35,55787.55,
Azeitona Verde 200g,310,164.19,50898.9,
,110,146.46,16110.6,
,140,12.81,1793.4,
Gelatina em Pó 25g,355,222.57,79012.35,
Ervilha em Lata,34,169.29,5755.86,
Salgadinho de Milho 150g,468,61.78,28913.04,
Cereal Matinal 300g,344,202.02,69494.88,
Refrigerante Cola 2L,,152.75,48269.0,
Adoçante Dietético 100ml,328,"R$ 239,37",78513.36,
Pipoca de Micro-ondas,97,24.94,2419.18,
Cebola kg,283,"143,71",,
Vinho Tinto Seco 750ml,315,142.92,45019.8,
Margarina 500g,414,170.96,,
Extrato de Tomate 340g,200,212.91,42582.0,
Sal Refinado 1kg,478,N/D,56791.18,
Maionese 500g,,173.96,14786.6,
Requeijão Cremoso 200g,319,81.82,26100.58,
Gelatina em Pó 25g,30,indisponível,4417.2,
Sabonete em Barra 90g,253,"R$ 97,39",24639.67,
Sabonete em Barra 90g,154,31.78,,
Fermento em Pó 100g,105,18.55,1947.75,
Papel Higiênico 4un,415,184.8,76692.0,
Pilha Alcalina AA 4un,496,24.17,11988.32,
Ketchup 397g,89,33.6,2990.4,
Manteiga com Sal 200g,202,225.84,45619.68,
Fralda Descartável G,22,2.38,52.36,
Cenoura kg,25,41.98,1049.5,
Suco de Laranja 1L,336,121.32,31737.18,
Escova de Dente,111,117.47,13189.3,
Pipoca de Micro-ondas,250,139.46,34865.0,
Absorvente Higiênico,165,207.34,34211.1,
Maçã Fuji kg,404,74.81,30223.24,
Vinagre de Álcool 750ml,139,131.68,18303.52,
,64,12.1,774.4,
Cebola kg,360,50.98,18352.8,
Farinha de Trigo 1kg,389,180.17,70086.13,
Cenoura kg - PROMO,,100.81,25504.93,
Chocolate ao Leite 90g,367,180.14,97341.06,
Pipoca de Micro-ondas,498,155.73,77553.54,
Sardinha em Lata 125g,113,162.44,18355.72,
Ervilha em Lata,359,220.21,79055.39,
Sabão em Pó 1kg,414,29.49,12208.86,
Sabão em Pó 1kg,428,247.02,105724.56,
Chocolate ao Leite 90g,475,20.62,9794.5,
Filtro de Papel para Café,183,241.21,29028.08,
Pilha Alcalina AA 4un,54,109.23,5898.42,
Creme Dental 90g,495,89.9,44500.5,
Suco de Laranja 1L*,453,104.6,47383.8,
Cenoura kg,258,113.41,29259.78,
Vinagre de Álcool 750ml,293,102.0,29886.0,
Bolacha Recheada 140g,44,48.07,,
Óleo de Soja 900ml,88,49.4,4347.2,
Milho Verde em Lata ??,93,,"R$ 17882,97",
Manteiga com Sal 200g,127,139.02,17655.54,
Batata Inglesa kg,30,155.03,4650.9,
Carvão Vegetal 3kg,394,73.32,28888.08,
Chocolate ao Leite 90g,495,80.81,40000.95,
Vinho Tinto Seco 750ml,240,130.46,31310.4,
Creme Dental 90g,264,44.85,11840.4,
  Carvão Vegetal 3kg  ,470,154.2,63291.98,
,379,158.84,60200.36,
Detergente Neutro 500ml,98,55.27,5416.46,
Azeite de Oliva Extra Virgem 500ml,114,81.47,8106.28,
Achocolatado em Pó 400g,382,247.23,94441.86,
Manteiga com Sal 200g,59,208.08,12276.72,
Azeitona Verde 200g,-37,12.75,471.75,
Atum em Lata 170g,101,39.48,3987.48,
Shampoo 350ml,275,73.23,20138.25,
Atum em Lata 170g,,447,38.87,17374.89
Extrato de Tomate 340g,225,116.23,26151.75,
Açúcar Refinado 1kg - PROMO,131,55.09,7216.79,
,457,121.46,55507.22,
Ração para Cães 15kg,N/A,187.07,21700.12,
,71,12.77,906.67,
"Água Mineral 1,5L",416,82.87,34473.92,
Café Torrado e Moído 500g,91,232.3,21139.3,
SHAMPOO 350ML,70,R$128.12,8968.4,
Desodorante Aerosol,343,215.87,74043.41,
Absorvente Higiênico,171,80.95,13842.45,
Ervilha em Lata  ,,50.09,15778.35,
Óleo de Soja 900ml,31,249.65  ,4494.82,
Laranja Pera kg,-27,25.77,695.79,
Condicionador 350ml,273,60.93,16633.89,
